2026-05-15_01-52-38,0,draft.go:2026-05-15_01-52-38
2026-05-15_01-57-09,85,draft.go:2026-05-15_01-57-09
2026-05-15_01-57-30,100,draft.go:2026-05-15_01-57-30
2026-05-15_01-57-47,100,draft.go:2026-05-15_01-57-30
2026-05-15_01-57-48,100,draft.go:2026-05-15_01-57-30
2026-05-15_01-57-48,100,draft.go:2026-05-15_01-57-30
2026-05-15_01-57-49,100,draft.go:2026-05-15_01-57-30
2026-05-15_01-57-49,100,draft.go:2026-05-15_01-57-30
2026-05-15_01-57-50,100,draft.go:2026-05-15_01-57-30
2026-05-15_01-57-50,100,draft.go:2026-05-15_01-57-30
2026-05-15_01-57-50,100,draft.go:2026-05-15_01-57-30
2026-05-15_01-57-51,100,draft.go:2026-05-15_01-57-30
2026-05-15_01-57-51,100,draft.go:2026-05-15_01-57-30
2026-05-15_01-57-51,100,draft.go:2026-05-15_01-57-30
2026-05-15_01-57-52,100,draft.go:2026-05-15_01-57-30
2026-05-15_01-57-52,100,draft.go:2026-05-15_01-57-30
2026-05-15_01-57-52,100,draft.go:2026-05-15_01-57-30
2026-05-15_01-57-53,100,draft.go:2026-05-15_01-57-30
2026-05-15_01-57-53,100,draft.go:2026-05-15_01-57-30
2026-05-15_01-57-53,100,draft.go:2026-05-15_01-57-30
2026-05-15_01-57-54,100,draft.go:2026-05-15_01-57-30
2026-05-15_01-57-54,100,draft.go:2026-05-15_01-57-30
2026-05-15_01-57-54,100,draft.go:2026-05-15_01-57-30
2026-05-15_01-57-55,100,draft.go:2026-05-15_01-57-30
2026-05-15_01-57-55,100,draft.go:2026-05-15_01-57-30
2026-05-15_01-57-55,100,draft.go:2026-05-15_01-57-30
