2026-03-10_17-03-48,0,draft.go:2026-03-10_17-03-48
2026-03-10_17-14-54,0,draft.go:2026-03-10_17-14-54
2026-03-10_17-19-25,0,draft.go:2026-03-10_17-19-25
2026-03-10_17-27-53,0,draft.go:2026-03-10_17-27-53
2026-03-10_17-28-02,0,draft.go:2026-03-10_17-27-53
2026-03-10_17-51-55,0,draft.go:2026-03-10_17-51-55
2026-03-10_17-52-10,---,draft.go:2026-03-10_17-51-55
2026-03-10_17-59-30,100,draft.go:2026-03-10_17-59-30
2026-03-10_17-59-52,100,draft.go:2026-03-10_17-59-30
2026-03-10_17-59-56,---,draft.go:2026-03-10_17-59-30
2026-03-10_18-03-23,100,draft.go:2026-03-10_17-59-30
2026-03-10_18-03-25,100,draft.go:2026-03-10_17-59-30
2026-03-10_18-03-27,100,draft.go:2026-03-10_17-59-30
2026-03-10_18-03-27,100,draft.go:2026-03-10_17-59-30
2026-03-10_18-03-28,100,draft.go:2026-03-10_17-59-30
2026-03-10_18-03-29,100,draft.go:2026-03-10_17-59-30
2026-03-10_18-03-30,100,draft.go:2026-03-10_17-59-30
2026-03-10_18-03-31,100,draft.go:2026-03-10_17-59-30
